Name,Beginn,Ende,Ligasieg,Ligator,Pokalsieg,Pokaltor,Europasieg,Europator,Sonstigesieg,Sonstigetor,Gesamtsiege,Gesamttore
"Abda, Djebrane",2003,2004,18,1,1,0,0,0,0,0,19,1
"Abel, Hans-Joachim",1973,1974,6,1,1,0,1,0,0,0,8,1
"Abelski, Ben",2001,2007,18,1,3,0,0,0,0,0,21,1
"Abromeit, Willi",1939,1940,0,0,3,0,0,0,2,0,5,0
"Adams, Kasim",2019,2020,13,1,2,1,0,0,0,0,15,2
"Addo, Daniel",1998,2001,29,2,3,0,0,0,0,0,32,2
"Adewunmi, Yusuf-Muri",2006,2007,19,1,3,1,0,0,0,0,22,2
"Adiele, Echendu",1998,1998,1,0,0,0,0,0,0,0,1,0
"Adler, Thomas",1993,1994,25,11,1,0,0,0,6,0,32,11
"Ahlsen, Per Egil",1990,1991,11,0,2,0,0,0,0,0,13,0
"Aigner, Rainer",1991,1994,80,4,3,0,0,0,6,2,89,6
"Ajani, Marvin",2015,2015,1,0,0,0,0,0,0,0,1,0
"Akca, Kaan",2015,2015,1,0,0,0,0,0,0,0,1,0
"Akpoguma, Kevin",2015,2017,45,0,3,1,0,0,0,0,48,1
"Albertz, Jörg",1990,2007,109,11,4,1,0,0,0,0,113,12
"Albrecht, Ernst",1927,1941,0,0,22,5,0,0,36,7,58,12
"Allievi, Sergio",1993,1995,39,6,0,0,0,0,2,0,41,6
"Allofs, Klaus",1975,1981,169,71,31,18,17,4,0,0,217,93
"Allofs, Thomas",1978,1992,182,57,23,15,12,3,0,0,217,75
"Almer, Robert",2011,2012,13,0,0,0,0,0,0,0,13,0
"Ampomah, Nana",2019,2020,13,0,5,2,0,0,0,0,18,2
"Anagnostou, Chrissovalantis",1993,1994,1,0,0,0,0,0,0,0,1,0
"Andersen, Jørn",1990,1991,42,5,4,0,0,0,0,0,46,5
"Anderson, Bamba",2009,2010,32,3,1,0,0,0,0,0,33,3
"Anfang, Markus",1996,2008,80,3,6,0,0,0,0,0,86,3
"Aouadhi, Karim",2011,2011,1,0,0,0,0,0,0,0,1,0
"Appelkamp, Shinta",2020,aktiv,84,15,6,0,0,0,0,0,90,15
"Asaeda, Ken",2007,2007,1,0,2,0,0,0,0,0,3,0
"Avevor, Christopher",2014,2016,21,0,0,0,0,0,0,0,21,0
"Ayhan, Kaan",2016,2020,113,8,8,0,0,0,0,0,121,8
"Azzagudi, Majid",1993,1994,1,0,1,0,0,0,0,0,2,0
"Baah, Kwadwo",2022,2022,7,0,0,0,0,0,0,0,7,0
"Bach, Jörg",1995,1999,99,5,9,1,0,0,0,0,108,6
"Bach, Paul",1937,1939,0,0,4,0,0,0,8,0,12,0
"Backhaus, Sven",1987,1995,147,10,9,0,0,0,5,0,161,10
"Baffoe, Anthony",1989,1992,72,4,6,0,0,0,0,0,78,4
"Bahr, Thomas",1995,1995,1,0,0,0,0,0,0,0,1,0
"Baker, Lewis",2019,2019,8,0,1,0,0,0,0,0,9,0
"Balogun, Leon",2012,2014,28,0,2,0,0,0,0,0,30,0
"Baltes, Heiner",1970,1981,281,11,44,2,25,0,3,0,353,13
"Bancé, Aristide",2013,2014,16,2,0,0,0,0,0,0,16,2
"Bansemer, Günther",1979,1982,14,1,2,0,1,1,0,0,17,2
"Barkok, Aymen",2018,2020,15,0,3,0,0,0,0,0,18,0
"Barth, Oliver",2005,2007,44,1,2,0,0,0,0,0,46,1
"Bayer, Herbert",1956,1963,139,0,3,0,0,0,0,0,142,0
"Bayerer, Georg",1941,1941,0,0,2,0,0,0,0,0,2,0
"Bebou, Ihlas",2013,2017,70,11,4,1,0,0,0,0,74,12
"Beckers, Marc",1998,1999,11,0,0,0,0,0,0,0,11,0
"Beckfeld, Klaus",1964,1966,4,0,0,0,0,0,0,0,4,0
"Beczkowiak, Kurt",1950,1952,40,1,0,0,0,0,0,0,40,1
"Beeck, Christian",1997,1999,34,3,2,0,0,0,0,0,36,3
"Begerau, Robert",1970,1974,36,4,4,2,0,0,8,2,48,8
"Beiroth, Benno",1970,1972,3,0,3,0,0,0,4,0,10,0
"Beister, Maximilian",2010,2012,59,18,4,0,0,0,2,1,65,19
"Bellinghausen, Axel",2002,2017,211,16,15,1,0,0,0,0,226,17
"Bender, Jakob",1929,1940,0,0,13,0,0,0,30,0,43,0
"Benschop, Charlison",2013,2015,58,25,2,0,0,0,0,0,60,25
"Berisha, Valon",2020,2020,13,0,0,0,0,0,0,0,13,0
"Biesenkamp, Peter",1968,1975,120,13,13,1,1,0,7,3,141,17
"Bijev, Villyan",2012,2012,1,0,0,0,0,0,0,0,1,0
"Bilalovic, Samir",2000,2003,12,1,3,0,0,0,0,0,15,1
"Biskup, Werner",1965,1968,87,11,4,0,0,0,6,2,97,13
"Bitzer, Mirko",1999,2002,83,0,2,0,0,0,0,0,85,0
"Blättel, Michael",1986,1987,28,2,4,0,0,0,0,0,32,2
"Bless, Heinrich",1984,1984,3,0,0,0,0,0,0,0,3,0
"Block, Mario",1993,1994,4,0,0,0,0,0,0,0,4,0
"Bocchio, Víctor",2004,2005,22,2,4,2,0,0,0,0,26,4
"Bocian, Pavel",1997,1999,37,0,0,0,0,0,0,0,37,0
"Böckem, Egon",1947,1948,16,0,0,0,0,0,0,0,16,0
"Bockenfeld, Manfred",1981,1987,178,20,14,4,0,0,0,0,192,24
"Böcker, Dirk",2002,2006,114,5,12,1,0,0,0,0,126,6
"Böckle, Benjamin",2022,Leihe,6,0,1,0,0,0,0,0,7,0
"Bodzek, Adam",2011,2022,284,7,16,0,0,0,2,0,302,7
"Bogesits, René",2001,2001,10,0,0,0,0,0,0,0,10,0
"Bolly, Mathis",2013,2016,50,6,3,0,0,0,0,0,53,6
"Bomheuer, Dustin",2013,2015,27,0,1,0,0,0,0,0,28,0
"Bommer, Rudi",1976,1985,264,38,28,7,16,2,0,0,308,47
"Borkenhagen, Alfred",1947,1950,28,0,0,0,0,0,0,0,28,0
"Borkenhagen, Kurt",1947,1954,176,0,0,0,0,0,0,0,176,0
"Bormuth, Robin",2016,2019,56,3,4,0,0,0,0,0,60,3
"Bornefeld, Paul",1929,1941,0,0,8,0,0,0,28,0,36,0
"Borrello, Brandon",2020,2021,22,1,1,0,0,0,0,0,23,1
"Boženík, Róbert",2021,2022,20,2,1,0,0,0,0,0,21,2
"Boži?, Mile",2005,2005,6,1,0,0,0,0,0,0,6,1
Brandstätter,1941,1941,0,0,1,0,0,0,0,0,1,0
"Brdari?, Thomas",1994,1996,30,1,2,0,0,0,0,0,32,1
"Brecht, Alfred",1967,1968,8,4,0,0,0,0,0,0,8,4
"Breda, David",2000,2002,40,2,0,0,0,0,0,0,40,2
"Breetveld, Virgil",1999,1999,12,0,2,0,0,0,0,0,14,0
"Brei, Dieter",1973,1980,221,30,27,12,21,3,0,0,269,45
"Breitzke, Günter",1992,1993,27,7,2,0,0,0,0,0,29,7
"Breuer, Theo",1927,1937,0,0,5,0,0,0,11,0,16,0
"Brøgger, Lars",1991,1993,25,2,1,0,0,0,0,0,26,2
"Broich, Helmut",1938,1938,0,0,0,0,0,0,2,1,2,1
"Bröker, Thomas",2010,2012,56,13,3,1,0,0,2,1,61,15
"Brücken, Helmut",1968,1970,49,1,0,0,0,0,0,0,49,1
"Brücken, Karl-Heinz",1974,1975,10,0,5,0,3,1,0,0,18,1
"Brüll, Bernhard",1935,1935,0,0,1,0,0,0,0,0,1,0
"Bruns, Hans-Günter",1979,1980,15,0,2,0,0,0,0,0,17,0
"Büchel, Michael",1948,1948,1,0,0,0,0,0,0,0,1,0
"Bücher, Oliver",1980,1982,22,0,0,0,0,0,0,0,22,0
"Budde, Klaus",1968,1975,209,59,20,8,10,1,8,2,247,70
"Budde, Rainer",1966,1967,8,1,2,0,0,0,0,0,10,1
"Bulykin, Dmitri",2009,2010,10,1,1,0,0,0,0,0,11,1
"Buncol, Andrzej",1992,1996,119,16,8,1,0,0,6,1,133,18
"Bunk, Daniel",2022,aktiv,1,0,1,0,0,0,0,0,2,0
"Büns, Kurt",1972,1976,35,0,8,0,6,0,0,0,49,0
"Bunte, Michael",1984,1986,54,0,5,0,0,0,0,0,59,0
"Bürk, Gerrit",2003,2005,48,1,6,0,0,0,0,0,54,1
"Busch, Gerhard",1976,1977,5,0,0,0,0,0,0,0,5,0
"Büskens, Mike",1989,1992,102,6,8,1,0,0,0,0,110,7
"Butkovi?, Ladislav",1958,1958,1,0,0,0,0,0,0,0,1,0
"Caillas, Olivier",2008,2010,62,3,4,1,0,0,0,0,66,4
"Çak?r, Hamza",2004,2010,142,4,12,1,0,0,0,0,154,5
"Canale, Giuseppe",2005,2007,48,3,2,1,0,0,0,0,50,4
"Carracedo, Marcelo",1990,1992,46,2,2,0,0,0,0,0,48,2
"Cartus, Daniel",1998,2000,49,8,5,0,0,0,0,0,54,8
"Caspari, Christoph[1]",2007,2007,0,0,1,0,0,0,0,0,1,0
"Cebe, Ahmet",2005,2009,128,18,12,3,0,0,0,0,140,21
Cha Du-Ri,2012,2012,10,0,1,0,0,0,0,0,11,0
"Chaloupka, Pavel",1989,1990,37,9,4,1,0,0,0,0,41,10
"Christ, Marco",2007,2011,96,18,7,0,0,0,0,0,103,18
"Chylla, Christoph",2002,2003,18,3,2,0,0,0,0,0,20,3
"Contento, Diego",2018,2018,0,0,1,0,0,0,0,0,1,0
"Costa, Claus",2006,2011,114,2,6,4,0,0,0,0,120,6
"?upr, Martin",2000,2002,42,2,0,0,0,0,0,0,42,2
"Cuskarevski, Tose",2002,2002,2,0,0,0,0,0,0,0,2,0
"Custos, Bruno",2008,2009,6,0,0,0,0,0,0,0,6,0
"Cyron, Richard",1992,1997,131,47,6,1,0,0,6,3,143,51
"Czaika, Edmund",1935,1941,0,0,15,0,0,0,24,0,39,0
"Czajor, Gabriel",2006,2006,1,0,1,0,0,0,0,0,2,0
"Czernotzky, Peter",1974,1976,34,0,7,0,4,1,0,0,45,1
"Czoske, Jürgen",1971,1971,0,0,0,0,0,0,1,0,1,0
"Daniel, Jörg",1977,1981,112,0,23,0,13,0,0,0,148,0
"Danso, Kevin",2020,2021,32,2,1,0,0,0,0,0,33,2
"Dasbach, Horst",1948,1950,10,2,0,0,0,0,0,0,10,2
"Dauber, Stefan",1982,1983,3,0,0,0,0,0,0,0,3,0
"de Cock, Olivier",2007,2008,18,0,3,0,0,0,0,0,21,0
"de Wijs, Jordy",2022,aktiv,34,4,1,0,0,0,0,0,35,4
"Degen, Horst-Franz",1974,1976,12,0,2,0,1,0,0,0,15,0
"Degen, Jürgen",1992,1993,24,2,2,1,0,0,0,0,26,3
"Degens, Erich",1927,1927,0,0,0,0,0,0,1,0,1,0
"Del’Haye, Karl",1985,1987,23,0,2,0,0,0,0,0,25,0
"Delvos, Karl",1952,1953,1,0,0,0,0,0,0,0,1,0
"Demandt, Sven",1984,1992,182,70,13,2,0,0,0,0,195,72
"Demirbay, Kerem",2015,2016,25,10,1,1,0,0,0,0,26,11
"Demirci, ?enol",1999,2000,8,1,0,0,0,0,0,0,8,1
"Deppe, Karl",1936,1939,0,0,1,0,0,0,1,0,2,0
"Derwall, Jupp",1954,1959,110,47,3,1,0,0,0,0,113,48
"Deuß, Patrick",2002,2007,105,0,8,0,0,0,0,0,113,0
"Diederich, Fritz",1957,1957,14,0,0,0,0,0,0,0,14,0
"Diergardt, Volker",1980,1980,1,0,0,0,0,0,0,0,1,0
"Dignaß, Uwe",1989,1989,1,0,0,0,0,0,0,0,1,0
"Djurdji?, Nikola",2016,2016,12,2,0,0,0,0,0,0,12,2
"Dobrovolski, Igor",1996,1999,54,14,4,1,0,0,0,0,58,15
"Donkor, Frederick[1]",2007,2007,0,0,1,0,0,0,0,0,1,0
"Draži?, Darko",1991,1997,152,14,8,2,0,0,6,1,166,17
"Dreher, Horst",1979,1982,23,0,5,0,0,0,0,0,28,0
"Drobný, Jaroslav",2019,2019,2,0,1,0,0,0,0,0,3,0
"Ducksch, Marvin",2018,2019,16,1,3,3,0,0,0,0,19,4
"Düllmann, Heinz",1952,1953,18,3,0,0,0,0,0,0,18,3
"Dum, Sascha",2010,2012,45,1,4,0,0,0,0,0,49,1
"Duman, Taylan",2016,2016,1,0,0,0,0,0,0,0,1,0
"Dusend, Ralf",1978,1987,239,40,27,5,7,3,0,0,273,48
"Dybek, Arnold",1998,1999,28,0,1,0,0,0,0,0,29,0
"Džafi?, Asmir",2000,2001,40,3,0,0,0,0,0,0,40,3
"Dziwior, Janosch",2003,2003,1,0,0,0,0,0,0,0,1,0
"Ebi-Taubmann, Samuel",2001,2002,8,0,0,0,0,0,0,0,8,0
"Eðvaldsson, Atli",1981,1985,122,38,7,1,0,0,0,0,129,39
"Emmerling, Stefan",2001,2001,21,3,0,0,0,0,0,0,21,3
"Engelhardt, Yannik",2023,aktiv,2,0,1,0,0,0,0,0,3,0
"Eraslan, Erdal",2005,2007,30,0,4,0,0,0,0,0,34,0
"Erat, Tu?rul",2013,2015,34,2,0,0,0,0,0,0,34,2
"Erwig, Christian",2007,2008,30,2,5,2,0,0,0,0,35,4
"Esser, Pierre",1994,1996,2,0,1,0,0,0,0,0,3,0
"Eyüboglu, Emrah",2002,2004,33,1,5,0,0,0,0,0,38,1
"Fach, Holger",1981,1998,198,26,11,2,0,0,0,0,209,28
"Fahrian, Wolfgang",1967,1969,64,0,0,0,0,0,0,0,64,0
"Fährmann, Christian",2001,2001,12,1,0,0,0,0,0,0,12,1
"Fandel, Hans",1950,1955,97,10,0,0,0,0,0,0,97,10
"Fanz, Reinhold",1977,1979,34,2,8,0,7,2,0,0,49,4
"Feinbier, Marcus",2005,2007,53,24,2,1,0,0,0,0,55,25
"Ferati, Arianit",2016,2017,13,1,1,0,0,0,0,0,14,1
"Fernandes Neto, Elione",2022,2023,12,0,1,0,0,0,0,0,13,0
"Fink, Oliver",2009,2020,257,21,14,3,0,0,2,0,273,24
"Fleer, Jürgen",1984,1984,12,2,1,0,0,0,0,0,13,2
"Fomitschow, André",2012,2012,1,0,0,0,0,0,0,0,1,0
"Franke, Bernd",1971,1971,29,0,1,0,0,0,5,0,35,0
"Fregene, Augustine",1999,2004,61,0,7,0,0,0,0,0,68,0
"Fritsch, Hans-Jürgen",1963,1965,29,0,0,0,0,0,0,0,29,0
"Fröhlich, Gert",1964,1965,7,2,0,0,0,0,0,0,7,2
"Fuchs, Uwe",1989,1990,25,7,4,2,0,0,0,0,29,9
"Furuholm, Timo",2012,2012,9,0,0,0,0,0,0,0,9,0
"Gabriel, Rudi",1948,1948,3,0,0,0,0,0,0,0,3,0
"Galakos, Maik",1972,1973,2,0,2,0,0,0,0,0,4,0
"Gamgoum, Iteb",2000,2000,1,0,0,0,0,0,0,0,1,0
"Garatwa, Karl",1952,1952,1,0,0,0,0,0,0,0,1,0
"Garbuschewski, Ronny",2012,2012,7,0,2,0,0,0,0,0,9,0
"Gartner, Christian",2013,2017,49,2,2,0,0,0,0,0,51,2
"Gärtner, Harald",1992,1993,39,0,2,0,0,0,0,0,41,0
"Gärtner, Manfred",1964,1965,10,0,0,0,0,0,0,0,10,0
"Gaspers, Josef",1929,1929,0,0,0,0,0,0,1,0,1,0
"Gassen, Hans",1948,1949,15,4,0,0,0,0,0,0,15,4
"Gaus, Marcel",2008,2011,40,5,3,1,0,0,0,0,43,6
"Gavory, Nicolas",2022,aktiv,32,1,3,0,0,0,0,0,35,1
"Geerkens, Tom",2022,2023,3,0,0,0,0,0,0,0,3,0
"Gensch, Oliver",1989,1989,0,0,1,0,0,0,0,0,1,0
"Gensler, Andreas",1999,2000,22,1,0,0,0,0,0,0,22,1
"Gerhardt, Waldemar",1965,1969,92,42,4,2,0,0,6,3,102,47
"Gesell, Josef",1947,1950,42,0,0,0,0,0,0,0,42,0
"Geye, Reiner",1968,1977,286,116,29,9,11,2,8,2,334,129
"Gianniotas, Giannis",2013,2013,8,1,0,0,0,0,0,0,8,1
"Giefer, Fabian",2012,2014,64,0,4,0,0,0,0,0,68,0
"Gießelmann, Niko",2017,2020,88,4,7,0,0,0,0,0,95,4
"Ginczek, Daniel",2022,aktiv,36,8,3,2,0,0,0,0,39,10
"Giskes, Karl-Heinz",1962,1962,1,0,0,0,0,0,0,0,1,0
"Glar, Willy",1948,1948,1,0,0,0,0,0,0,0,1,0
"Glavaš, Vlatko",1993,1996,95,14,7,0,0,0,5,3,107,17
"Glowacki, Paul",1940,1940,0,0,3,0,0,0,3,0,6,0
"Gökbayrak, Ahmet[2]",2004,2004,0,0,2,0,0,0,0,0,2,0
"Golley, Timm",2014,2014,10,1,0,0,0,0,0,0,10,1
"Golombek, Andreas",1996,1996,3,0,0,0,0,0,0,0,3,0
"Golsch, Karlheinz",1950,1954,11,1,0,0,0,0,0,0,11,1
"Gores, Rudi",1982,1983,15,1,2,0,0,0,0,0,17,1
"Görtz, Albert",1957,1966,172,0,7,0,0,0,0,0,179,0
"Gottschall, Karl",1927,1929,0,0,0,0,0,0,2,0,2,0
"Götzinger, August",1927,1929,0,0,0,0,0,0,2,0,2,0
"Grabotin, Dietmar",1984,1987,36,0,1,0,0,0,0,0,37,0
"Graf, Helmut",1969,1970,13,2,0,0,0,0,0,0,13,2
"Gramminger, Karl",1952,1958,156,81,3,1,0,0,0,0,159,82
"Gramminger, Martin",1952,1958,146,49,3,0,0,0,0,0,149,49
"Greiner, Uwe",1984,1985,42,0,3,0,0,0,0,0,45,0
"Grimaldi, Adriano",2011,2011,7,1,2,0,0,0,0,0,9,1
"Gronen, Herbert",1971,1972,20,1,3,0,0,0,0,0,23,1
"Gühler, Rudi",1939,1941,0,0,9,4,0,0,6,7,15,11
"Gül, Gökhan",2017,2017,1,0,0,0,0,0,0,0,1,0
"Gümüstas, Murat",2004,2005,5,0,0,0,0,0,0,0,5,0
"Günther, Emanuel",1978,1979,13,4,2,2,4,2,0,0,19,8
"Günther, Walter",1949,1949,1,0,0,0,0,0,0,0,1,0
"Guthleber, Laurent",2004,2005,12,0,2,0,0,0,0,0,14,0
"Häfner, Horst",1963,1967,114,9,2,0,0,0,5,0,121,9
"Hägele, Hans",1970,1971,3,0,0,0,0,0,0,0,3,0
"Hagemes, Uwe",1992,1992,3,0,1,0,0,0,0,0,4,0
"Haggui, Karim",2015,2016,29,1,1,0,0,0,0,0,30,1
"Hahnen, Gerhard",1939,1939,0,0,0,0,0,0,1,0,1,0
"Halat, Kemal",1999,2000,49,2,2,0,0,0,0,0,51,2
"Halet, Clément",2008,2009,25,0,1,0,0,0,0,0,26,0
"Halloran, Ben",2013,2015,37,8,0,0,0,0,0,0,37,8
"Hampel, Oliver",2007,2009,32,2,5,1,0,0,0,0,37,3
"Hansen, Walter",1963,1963,3,0,0,0,0,0,0,0,3,0
"Haraguchi, Genki",2018,2018,13,1,0,0,0,0,0,0,13,1
"Hardtke, Harald",1959,1960,12,1,0,0,0,0,0,0,12,1
"Harnik, Martin",2009,2010,30,13,0,0,0,0,0,0,30,13
"Harpers, Gerhard",1956,1959,29,7,1,0,0,0,0,0,30,7
"Hartherz, Florian",2020,2022,32,1,3,0,0,0,0,0,35,1
"Heeren, Henri",2005,2008,68,5,5,2,0,0,0,0,73,7
"Heibach, Hans",1936,1951,62,6,11,6,0,0,18,5,91,17
"Heide, Christian",1988,1989,17,0,0,0,0,0,0,0,17,0
"Heidinger, Sebastian",2007,2010,61,6,4,0,0,0,0,0,65,6
"Heller, Stephan",1999,2000,4,0,0,0,0,0,0,0,4,0
"Hellingrath, Hans-Josef",1961,1967,151,10,3,0,0,0,6,1,160,11
"Helmreich, Leonhard",1972,1972,10,0,5,0,0,0,0,0,15,0
"Hendrix, Jorrit",2022,2023,20,0,1,0,0,0,0,0,21,0
"Henke, Alfred",1951,1952,12,1,0,0,0,0,0,0,12,1
"Henne, Erich",1949,1953,68,12,0,0,0,0,0,0,68,12
"Hennings, Rouwen",2016,2023,213,72,16,12,0,0,0,0,229,84
"Herbertz, Otto",1963,1965,14,2,0,0,0,0,0,0,14,2
"Hergesell, Fabian",2007,2010,69,1,5,0,0,0,0,0,74,1
"Herzog, Dieter",1970,1976,201,53,28,18,12,3,8,6,249,80
"Hesse, Fred",1966,1976,297,16,29,2,6,1,5,0,337,19
"Hetfeld, Willi",1966,1970,87,20,1,0,0,0,0,0,88,20
"Hey, Antoine",1989,2000,73,6,2,0,0,0,0,0,75,6
"Hickersberger, Josef",1976,1978,59,5,9,1,0,0,0,0,68,6
"Hochgesang, Georg",1929,1933,0,0,0,0,0,0,6,7,6,7
"Hoersen, Thomas",2004,2005,16,0,2,0,0,0,0,0,18,0
"Hoffer, Erwin",2013,2015,45,13,1,0,0,0,0,0,46,13
"Hoffer, Hilmar",1960,1972,256,38,11,3,0,0,11,3,278,44
"Hoffmann, André",2017,aktiv,136,9,12,1,0,0,0,0,148,10
"Hoffmann, Gerd",1952,1955,65,0,0,0,0,0,0,0,65,0
"Hoffmann, Karl",1955,1965,258,5,8,1,0,0,0,0,266,6
"Hoffmann, Peter",1939,1939,0,0,1,0,0,0,3,0,4,0
"Hofmann, Herbert",1952,1953,15,5,0,0,0,0,0,0,15,5
"Höllriegel, Max",1959,1963,15,3,0,0,0,0,0,0,15,3
"Holmqvist, Hans",1984,1986,59,19,4,3,0,0,0,0,63,22
"Holthaus, Fabian",2015,2015,2,0,1,0,0,0,0,0,3,0
"Homberg, Wolfgang",1992,1992,9,1,0,0,0,0,0,0,9,1
"Hopp, Michael",2001,2003,45,3,1,0,0,0,0,0,46,3
"Hoßdorf, Heinz",1951,1954,30,0,0,0,0,0,0,0,30,0
"Höttges, Hans",1949,1949,2,1,0,0,0,0,0,0,2,1
"Huschbeck, Thomas",1992,1992,14,0,1,0,0,0,0,0,15,0
"Hust, Nicolaj",2004,2005,18,0,2,0,0,0,0,0,20,0
"Hutka, Joachim",1981,1982,21,1,1,0,0,0,0,0,22,1
"Hutwelker, Karsten",1990,1993,74,7,7,3,0,0,0,0,81,10
"Ibrahim, Dennis",1996,1997,4,0,1,0,0,0,0,0,5,0
"Ilsø, Ken",2011,2013,69,13,2,0,0,0,2,0,73,13
"Isteni?, Rudi",1995,1999,107,3,8,0,0,0,0,0,115,3
"Iwanzik, Klaus",1967,1972,106,4,7,0,0,0,8,0,121,4
"Iyoha, Emmanuel",2015,aktiv,78,5,3,1,0,0,0,0,81,6
"Jack, Mathias",1997,1999,36,1,1,0,0,0,0,0,37,1
Jäger,1949,1950,1,0,0,0,0,0,0,0,1,0
"Jäger, Günter",1957,1962,140,1,5,0,0,0,0,0,145,1
"Jäger, Herbert",1952,1957,71,1,1,0,0,0,0,0,72,1
"Jakobs, Werner",1984,1986,20,0,6,1,0,0,0,0,26,1
"Jan?ula, Tibor",1997,1998,15,2,1,0,0,0,0,0,16,2
"Janes, Paul",1931,1950,73,14,21,7,0,0,36,5,130,26
"Janssen, Daniel",1995,1995,1,0,0,0,0,0,0,0,1,0
"Janssen, Heinz",1956,1963,161,59,4,2,0,0,0,0,165,61
"Jastrzembski, Dennis",2023,aktiv,1,0,0,0,0,0,0,0,1,0
"Jensen, Henrik Ravn",1986,1988,25,8,4,0,0,0,0,0,29,8
"Jestremski, Werner",1965,1969,82,1,5,0,0,0,6,0,93,1
"Jóhannesson, Ísak",2023,aktiv,2,0,1,0,0,0,0,0,3,0
"Jörres, Guido",1998,2002,88,9,1,0,0,0,0,0,89,9
"Jovanovi?, Ranisav",2008,2012,86,19,4,1,0,0,2,1,92,21
Juanan,2011,2013,34,2,3,0,0,0,2,0,39,2
"Judt, Thorsten",1995,1997,58,4,4,1,0,0,0,0,62,5
"Jung, Dietmar",1960,1961,2,0,0,0,0,0,0,0,2,0
"Juran, Sergej",1996,1997,16,5,1,0,0,0,0,0,17,5
"Juric, Frank",1997,1999,36,0,2,0,0,0,0,0,38,0
"Juskowiak, Erich",1953,1961,196,32,5,0,0,0,0,0,201,32
"Kadah, Deniz",2008,2009,25,3,1,0,0,0,0,0,26,3
"Kägebein, René",2000,2000,10,1,0,0,0,0,0,0,10,1
"Kaiser, Andreas",1984,1993,193,9,19,1,0,0,0,0,212,10
"Kami?ski, Marcin",2018,2019,27,0,0,0,0,0,0,0,27,0
"Kanders, Ludger",1981,1983,22,0,2,1,0,0,0,0,24,1
"Karaman, Kenan",2018,2021,69,16,3,0,0,0,0,0,72,16
"Karbownik, Micha?",2022,2023,26,1,1,0,0,0,0,0,27,1
"Kargus, Rudi",1986,1987,20,0,4,0,0,0,0,0,24,0
"Karpes, Walter",1940,1940,0,0,4,1,0,0,3,0,7,1
"Kastenmeier, Florian",2019,aktiv,116,0,10,0,0,0,0,0,126,0
"Kastrati, Bekim",2007,2009,37,5,3,2,0,0,0,0,40,7
"Katemann, Harald",1994,1999,124,7,8,1,0,0,0,0,132,8
"Keim, Andreas",1985,1987,48,6,4,1,0,0,0,0,52,7
"Kempers, Christoph",2000,2000,28,5,0,0,0,0,0,0,28,5
"Kenia, Levan",2013,2014,11,0,1,0,0,0,0,0,12,0
"Kern, Bruno",1987,1987,1,0,0,0,0,0,0,0,1,0
"Kern, Heinz",1949,1950,21,9,0,0,0,0,0,0,21,9
"Kern, Rolf",1949,1958,193,43,1,0,0,0,0,0,194,43
"Kiesewetter, Jerome",2016,2017,21,2,2,0,0,0,0,0,23,2
"Kimmel, Michael",1988,1990,26,0,1,0,0,0,0,0,27,0
"Kinj?, Justin",2016,2016,1,0,1,0,0,0,0,0,2,0
"Kirn, Frank",1986,1986,1,0,0,0,0,0,0,0,1,0
"Kizilaslan, Engin",2002,2006,56,3,8,1,0,0,0,0,64,4
"Klarer, Christoph",2020,2023,74,5,6,0,0,0,0,0,80,5
"Klaus, Felix",2021,aktiv,75,10,6,0,0,0,0,0,81,10
"Kleff, Wolfgang",1982,1984,59,0,3,0,0,0,0,0,62,0
Klein,1985,1985,0,0,1,0,0,0,0,0,1,0
"Klein, Wolfram",1999,2000,19,0,0,0,0,0,0,0,19,0
"Klessa, Hans",1961,1964,44,0,0,0,0,0,0,0,44,0
"Klier, Gerd",1967,1968,15,7,0,0,0,0,0,0,15,7
"Klimczok, Marek",2007,2008,6,0,3,1,0,0,0,0,9,1
"Klose, Heinz",1950,1959,101,0,3,0,0,0,0,0,104,0
"Klotz, Bernd",1988,1990,42,11,4,1,0,0,0,0,46,12
"Kluth, Bernhard",1939,1941,0,0,5,7,0,0,1,2,6,9
"Kluth, Ernst",1936,1938,0,0,6,0,0,0,5,0,11,0
"Kneißl, Sebastian",2007,2007,13,2,0,0,0,0,0,0,13,2
"Knepper, Willi",1948,1949,7,0,0,0,0,0,0,0,7,0
"Knopf, Georg",1955,1957,28,0,0,0,0,0,0,0,28,0
"Kobierski, Stanislaus",1931,1950,4,2,18,13,0,0,39,10,61,25
"Kocaman, Ümit",2003,2003,3,0,0,0,0,0,0,0,3,0
"Koch, Georg",1992,1997,131,0,7,0,0,0,6,0,144,0
"Koch, Julian",2015,2016,34,0,2,0,0,0,0,0,36,0
"Koch, Jürgen",1966,1967,16,2,1,1,0,0,0,0,17,3
"Koch, Tobias",2002,2004,14,0,1,0,0,0,0,0,15,0
"Ko?iš, Róbert",1996,1997,7,1,2,0,0,0,0,0,9,1
"Köhler, Heinrich",1929,1931,0,0,0,0,0,0,2,1,2,1
"Köhn, Franz",1948,1951,27,6,0,0,0,0,0,0,27,6
"Köhnen, Egon",1967,1981,376,17,51,9,20,2,8,2,455,30
"Kondev, Boris",2001,2002,26,6,0,0,0,0,0,0,26,6
"Kopatz, Werner",1968,1969,1,0,0,0,0,0,0,0,1,0
"Korff, Johann",1927,1927,0,0,0,0,0,0,1,0,1,0
"Koth, Wolfgang",1987,1987,2,0,0,0,0,0,0,0,2,0
"Köther, Tim",2022,2022,1,0,0,0,0,0,0,0,1,0
"Koutris, Leonardo",2020,2022,27,0,2,0,0,0,0,0,29,0
"Kovacic, Mladen",2000,2000,7,1,0,0,0,0,0,0,7,1
"Kownacki, Dawid",2019,2023,96,25,6,3,0,0,0,0,102,28
"Kowski, Enrico",1999,2000,1,0,1,0,0,0,0,0,2,0
"Krafft, Manfred",1960,1966,125,12,5,0,0,0,1,0,131,12
"Krahforst, Felix",1937,1937,0,0,0,0,0,0,1,0,1,0
"Krajnc, Luka",2020,2021,24,2,0,0,0,0,0,0,24,2
"Krämer, Carsten",1993,1994,2,0,0,0,0,0,0,0,2,0
"Kraus, Hans-Georg",1973,1974,9,0,1,0,0,0,0,0,10,0
"Krecidlo, David",2007,2008,30,0,3,0,0,0,0,0,33,0
"Kremers, Andreas",1985,1986,15,0,2,0,0,0,0,0,17,0
"Kriegler, Werner",1970,1977,279,7,29,5,12,0,7,0,327,12
"Kröner, Oliver",1996,1996,6,0,1,0,0,0,0,0,7,0
"Kronholm, Kenneth",2006,2007,13,0,3,0,0,0,0,0,16,0
"Krostina, Hans",1968,1968,8,0,0,0,0,0,0,0,8,0
"Krüger, Kurt",1939,1952,83,1,7,0,0,0,6,0,96,1
"Krümpelmann, Dirk",1986,1991,132,17,14,3,0,0,0,0,146,20
"Kruse, Robbie",2011,2013,41,4,4,0,0,0,0,0,45,4
"Kruse, Tim",2004,2007,75,7,7,0,0,0,0,0,82,7
"Krüssenberg, Dirk",1964,1967,59,0,4,0,0,0,6,0,69,0
"Kuckelkorn, August",1938,1938,0,0,2,0,0,0,0,0,2,0
"Kuczinski, Günter",1980,1986,121,1,6,0,1,0,0,0,128,1
"Kugler, Heiner",1939,1940,0,0,2,3,0,0,0,0,2,3
"Kujovi?, Emir",2017,2018,20,2,2,0,0,0,0,0,22,2
"Kunovac, ?or?e",2000,2000,10,0,0,0,0,0,0,0,10,0
"Kurt, Yasar",1993,1993,1,0,1,0,0,0,0,0,2,0
"Kurth, Frank",1983,1984,10,0,0,0,0,0,0,0,10,0
"Laenen, Johann",1931,1931,0,0,0,0,0,0,1,0,1,0
"Lambertz, Andreas",2003,2015,320,40,24,4,0,0,2,0,346,44
"Langeneke, Jens",2006,2013,202,32,14,1,0,0,2,0,218,33
"Latka, Martin",2013,2014,30,2,0,0,0,0,0,0,30,2
"Lawarée, Axel",2007,2010,69,21,5,4,0,0,0,0,74,25
"Lehmann, Friedrich",1964,1966,10,0,0,0,0,0,0,0,10,0
"Lenssen, Heinz",1971,1971,1,0,0,0,0,0,0,0,1,0
"Le?niak, Marek",1997,1999,52,16,2,5,0,0,0,0,54,21
"Levels, Tobias",2011,2014,75,0,6,0,0,0,2,0,83,0
"Liendl, Michael",2014,2015,52,11,2,0,0,0,0,0,54,11
"Lietz, Johann",1961,1962,2,1,0,0,0,0,0,0,2,1
"Lindackers, Bruno",1962,1963,18,8,1,0,0,0,0,0,19,8
"Linder, Mike",1987,1987,1,0,0,0,0,0,0,0,1,0
"Lobinger, Lex-Tyger",2021,2022,11,0,0,0,0,0,0,0,11,0
"Löhr, Peter",1980,1985,102,0,7,0,2,0,0,0,111,0
"Loogen, Franz",1948,1950,35,0,0,0,0,0,0,0,35,0
"Loose, Ralf",1987,1993,188,4,13,0,0,0,0,0,201,4
"Lorenzón, Víctor Hugo",2003,2005,43,8,6,1,0,0,0,0,49,9
"Lösch, Markus",2004,2005,20,0,2,0,0,0,0,0,22,0
"Lovren, Davor",2017,2018,16,1,1,0,0,0,0,0,17,1
"Lucoqui, Anderson",2016,2017,3,0,1,0,0,0,0,0,4,0
"Luginger, Jürgen",1987,1988,33,0,2,0,0,0,0,0,35,0
"Lukébakio, Dodi",2018,2019,31,10,3,4,0,0,0,0,34,14
"Lukimya, Assani",2010,2012,64,2,4,0,0,0,2,0,70,2
"Lund, Flemming",1977,1979,62,5,11,3,9,0,0,0,82,8
"Lungwitz, Werner",1966,1973,224,10,15,0,4,0,8,1,251,11
"Madlung, Alexander",2015,2017,34,0,3,0,0,0,0,0,37,0
"Makus, Bruno",1947,1952,123,37,0,0,0,0,0,0,123,37
"Malezas, Stelios",2012,2014,33,0,1,0,0,0,0,0,34,0
"Manga, Ben",1995,1995,3,0,2,0,0,0,0,0,5,0
"Mansfeld, Marcel",2022,2022,5,0,1,0,0,0,0,0,6,0
"Marin, Marcus",2000,2001,33,8,0,0,0,0,0,0,33,8
"Maring, Kurt",1938,1938,0,0,1,0,0,0,0,0,1,0
"Marzok, Lukas",2004,2006,24,0,3,0,0,0,0,0,27,0
"Marzok, Willi",1965,1967,27,7,2,0,0,0,1,0,30,7
"Matheisen, Fritz",1940,1940,0,0,0,0,0,0,1,0,1,0
"Matsumoto, Sanshiro",2003,2004,15,0,5,0,0,0,0,0,20,0
"Mattsson, Jan",1976,1976,23,10,4,2,0,0,0,0,27,12
"Matuschyk, Adam",2012,2012,8,1,0,0,0,0,2,0,10,1
"Matz, Wolfgang",1967,1968,13,2,0,0,0,0,0,0,13,2
"Mauritz, Matthias",1947,1960,323,49,5,0,0,0,0,0,328,49
"Mavrias, Charalampos",2016,2016,15,1,0,0,0,0,0,0,15,1
"Mayer, Frank",2001,2005,113,44,10,7,0,0,0,0,123,51
"Mayer, Werner",1959,1959,1,0,0,0,0,0,0,0,1,0
"Mazany, Guido",1979,1979,1,0,0,0,0,0,0,0,1,0
"Meck, Hans",1927,1929,0,0,0,0,0,0,2,0,2,0
"Mehl, Paul",1933,1949,32,0,10,1,0,0,22,6,64,7
"Mehlhorn, Ulf",1995,1997,57,2,7,0,0,0,0,0,64,2
"Meining, Walter",1940,1940,0,0,1,0,0,0,2,0,3,0
"Melka, Michael",2007,2011,88,0,6,0,0,0,0,0,94,0
"Melunovi?, Ermin",2005,2006,18,0,1,0,0,0,0,0,19,0
"Mertzlufft, Willi",1951,1951,5,1,0,0,0,0,0,0,5,1
"Meyer, Peter",1960,1967,174,119,9,4,0,0,6,4,189,127
"Michels, Dirk",1999,2002,92,5,2,0,0,0,0,0,94,5
"Mileti?, Marinko",1999,2001,35,5,2,0,0,0,0,0,37,5
"Mill, Frank",1994,1996,55,7,4,3,0,0,0,0,59,10
"Minkwitz, Stefan",1994,1996,30,1,2,1,0,0,0,0,32,2
"Mog, Heinz",1947,1947,1,0,0,0,0,0,0,0,1,0
"Möllenbruck, Karl",1955,1956,5,0,0,0,0,0,0,0,5,0
"Mollenhauer, Sven",1992,2002,81,2,1,0,0,0,2,0,84,2
"Morales, Alfredo",2018,2021,65,2,9,0,0,0,0,0,74,2
"Moses, Arthur",1994,1995,19,2,0,0,0,0,1,0,20,2
"Müller, Hans",1947,1957,243,113,1,0,0,0,0,0,244,113
"Murati, Edvin",1998,1999,11,0,2,0,0,0,0,0,13,0
"Nachtigall, Josef",1935,1936,0,0,3,2,0,0,6,5,9,7
"Nagelschmidt, Willi",1952,1952,4,2,0,0,0,0,0,0,4,2
"Nähle, Willi",1927,1927,0,0,0,0,0,0,1,0,1,0
"Narey, Khaled",2021,2022,31,8,2,0,0,0,0,0,33,8
"Nasdalla, Günther",1967,1968,21,6,0,0,0,0,0,0,21,6
"Ndjeng, Marcel",2004,2005,34,3,2,0,0,0,0,0,36,3
"Nedelcu, Drago?",2021,2021,10,0,1,0,0,0,0,0,11,0
"Nedeljkovic, Sinisa",2005,2005,1,0,0,0,0,0,0,0,1,0
"Nehrbauer, Thorsten",1998,1999,25,1,1,0,0,0,0,0,26,1
"Nettekoven, Patrick",2007,2007,1,0,0,0,0,0,0,0,1,0
"Neuhaus, Florian",2017,2018,27,6,2,0,0,0,0,0,29,6
"Neuhaus, Sven",1999,2000,13,0,0,0,0,0,0,0,13,0
"Neumann, Franz",1927,1927,0,0,0,0,0,0,1,0,1,0
"Neumeyer, Andreas",2004,2004,2,0,2,0,0,0,0,0,4,0
"Neuschäfer, Hans",1956,1958,38,17,0,0,0,0,0,0,38,17
"Ngombo, Maecky",2016,2016,6,0,1,0,0,0,0,0,7,0
"Nielsen, David",1996,1996,13,1,2,1,0,0,0,0,15,2
"Nielsen, Håvard",2017,2018,23,0,1,0,0,0,0,0,24,0
"Niemiec, Jona",2023,aktiv,14,1,1,0,0,0,0,0,15,1
"Nienhaus, Ewald",1957,1958,12,3,0,0,0,0,0,0,12,3
"Niepenberg, Matthias",1927,1927,0,0,0,0,0,0,1,0,1,0
"Niestroj, Robert",1997,2004,117,14,13,1,0,0,0,0,130,15
"Noth, Willi",1949,1951,14,0,0,0,0,0,0,0,14,0
"Nounouh, Hassan[3]",2003,2007,0,0,3,0,0,0,0,0,3,0
"Novák, Ji?í",1993,1993,12,0,0,0,0,0,0,0,12,0
"Nulle, Carsten",2004,2006,26,0,3,0,0,0,0,0,29,0
"Nuorela, Jussi",1999,2000,26,0,2,0,0,0,0,0,28,0
"Obafemi, Abiodun",1993,1997,3,0,0,0,0,0,1,0,4,0
"Oberdorf, Tim",2021,aktiv,47,2,5,0,0,0,0,0,52,2
"Oberleitner, Markus",1997,1997,13,0,0,0,0,0,0,0,13,0
"Oehrl, Torsten",2010,2010,15,2,0,0,0,0,0,0,15,2
"Ofori, Kelvin",2019,2021,12,0,6,1,0,0,0,0,18,1
"?mae, Genki",2013,2013,8,0,1,0,0,0,0,0,9,0
"Omogie, Alex",2000,2000,8,0,0,0,0,0,0,0,8,0
"Ormslev, Pétur",1982,1984,28,2,3,0,0,0,0,0,31,2
"Otta, Walter",2004,2005,9,0,2,0,0,0,0,0,11,0
"Ouass, Farid",2001,2001,1,0,0,0,0,0,0,0,1,0
"Ouejdide, Kamel",2003,2004,24,7,3,1,0,0,0,0,27,8
"Pajonk, Bernhard",1980,1980,1,0,0,0,0,0,0,0,1,0
"Paliku?a, Robert",2006,2009,62,6,3,0,0,0,0,0,65,6
"Pan?ev, Darko",1995,1996,14,2,3,1,0,0,0,0,17,3
"Panferov, Gleb",1997,1998,9,1,0,0,0,0,0,0,9,1
"Papies, Jürgen",1967,1970,66,42,0,0,0,0,0,0,66,42
"Pasic, Vladimir",1996,1997,9,0,1,0,0,0,0,0,10,0
"Pasini, Mariano",2004,2005,24,3,2,0,0,0,0,0,26,3
"Paulus, Helmut",1935,1938,0,0,4,3,0,0,1,1,5,4
"Paurevi?, Ivan",2012,2014,22,0,0,0,0,0,0,0,22,0
"Pawlak, Stanislaus",1954,1954,1,0,0,0,0,0,0,0,1,0
"Pejovi?, Zvezdan",1995,1996,14,0,0,0,0,0,0,0,14,0
"Pesch, Willi",1927,1939,0,0,10,0,0,0,36,0,46,0
"Peterson, Kristoffer",2020,2023,81,12,5,2,0,0,0,0,86,14
"Petrick, Marc",2002,2003,17,0,5,0,0,0,0,0,22,0
"Petrovic, Slobodan",1993,1994,1,0,0,0,0,0,0,0,1,0
"Pfeifer, Werner",1962,1964,32,0,0,0,0,0,0,0,32,0
"Pickartz, Hans",1938,1941,0,0,10,8,0,0,21,17,31,25
"Piette, Samuel",2014,2014,2,0,0,0,0,0,0,0,2,0
"Pinto, Sérgio",2014,2015,21,1,1,1,0,0,0,0,22,2
"Pionczewski, Bruno",1947,1947,2,0,0,0,0,0,0,0,2,0
"Piotrowski, Jakub",2020,2022,43,1,3,0,0,0,0,0,46,1
"Pârvu, Ionel",1998,1999,7,0,0,0,0,0,0,0,7,0
"Pizarro, Nelson",1998,1999,22,0,2,2,0,0,0,0,24,2
"Pledl, Thomas",2019,2022,33,1,3,1,0,0,0,0,36,2
"Pluntke, Maurice",2015,2015,1,0,0,0,0,0,0,0,1,0
"Podszus, Marcel",2004,2007,87,26,7,3,0,0,0,0,94,29
"Pohjanpalo, Joel",2014,2016,55,13,3,0,0,0,0,0,58,13
"Policella, Gustav",2004,2005,26,8,2,0,0,0,0,0,28,8
"Poutilo, Oleg",1999,2001,68,22,2,1,0,0,0,0,70,23
"Preetz, Michael",1986,1990,91,20,10,4,0,0,0,0,101,24
"Prib, Edgar",2020,2022,43,1,4,0,0,0,0,0,47,1
"Prostka, Dennis",2001,2002,13,0,0,0,0,0,0,0,13,0
"Pusic, Ivan",2005,2007,44,4,4,2,0,0,0,0,48,6
"Quallo, Peter",1992,1993,15,0,1,0,0,0,0,0,16,0
"Quarz, Martin",1953,1954,8,0,0,0,0,0,0,0,8,0
"Rada, Petr",1988,1995,109,7,5,0,0,0,6,0,120,7
"Radojewski, Peter",1987,1989,10,1,0,0,0,0,0,0,10,1
"Radschuweit, Jürgen",1999,2000,49,4,2,0,0,0,0,0,51,4
"Rafael, Nando",2012,2013,11,2,3,1,0,0,0,0,14,3
"Rahn, Uwe",1992,1992,15,5,0,0,0,0,0,0,15,5
"Raman, Benito",2017,2019,58,20,3,1,0,0,0,0,61,21
"Ramírez, Cristian",2013,2014,16,0,1,0,0,0,0,0,17,0
"Ratajczak, Lothar",1962,1963,12,1,1,0,0,0,0,0,13,1
"Ratajczak, Michael",2007,2012,78,0,6,0,0,0,2,0,86,0
"Reisinger, Stefan",2012,2013,39,9,3,1,0,0,0,0,42,10
"Rensing, Michael",2013,2019,132,0,5,0,0,0,0,0,137,0
"Rentmeister, Michael",2002,2002,2,1,0,0,0,0,0,0,2,1
"Retterath, Bastian",2002,2003,9,0,4,0,0,0,0,0,13,0
"Richert, Helmut",1968,1970,39,12,0,0,0,0,0,0,39,12
"Rick, Horst",1958,1960,12,0,0,0,0,0,0,0,12,0
"Ries, Leo",1948,1948,8,0,0,0,0,0,0,0,8,0
"Riethmann, Gerd",1970,1971,4,0,0,0,0,0,1,0,5,0
"Rietpietsch, Mike",1997,1998,28,3,1,0,0,0,0,0,29,3
"Risse, Josef",1953,1955,9,2,0,0,0,0,0,0,9,2
"Ritter, Marlon",2016,2017,5,0,1,0,0,0,0,0,6,0
"Roche, Anthony",2003,2004,12,0,0,0,0,0,0,0,12,0
"Rockenbach, Thiago",2010,2010,2,0,0,0,0,0,0,0,2,0
"Römer, Werner",1947,1947,2,0,0,0,0,0,0,0,2,0
"Ronca, Michael",1992,1992,7,0,0,0,0,0,0,0,7,0
"Rösele, Michael",2002,2003,23,6,4,1,0,0,0,0,27,7
"Rösler, Sascha",2010,2012,57,19,3,3,0,0,0,0,60,22
"Rossow, Dennis",2002,2002,23,0,3,0,0,0,0,0,26,0
Runge,1941,1941,1,0,0,0,0,0,0,0,1,0
"Rüzgar, Kemal",2016,2016,1,0,0,0,0,0,0,0,1,0
"?ahin, Kenan",2008,2008,21,5,3,0,0,0,0,0,24,5
"Sankharé, Aboubacar",2003,2004,21,1,3,0,0,0,0,0,24,1
"Sararer, Sercan",2015,2016,24,3,2,0,0,0,0,0,26,3
"Schäfer, Franz-Josef",1954,1958,17,2,1,0,0,0,0,0,18,2
"Schäfer, Klaus",1960,1962,63,0,0,0,0,0,0,0,63,0
"Schahin, Dani",2012,2013,31,8,2,0,0,0,0,0,33,8
"Scharpenberg, Frank",2005,2005,16,0,2,0,0,0,0,0,18,0
"Schauerte, Julian",2014,2018,111,1,7,0,0,0,0,0,118,1
"Schenk, Werner",1940,1940,0,0,1,0,0,0,2,0,3,0
"Scheurer, Uwe",1959,1960,7,2,0,0,0,0,0,0,7,2
"Schilbock, Dirk",1992,1992,5,0,0,0,0,0,0,0,5,0
"Schmadtke, Jörg",1985,1993,244,0,19,0,0,0,0,0,263,0
"Schmidkunz, Anton",1984,1985,7,0,1,0,0,0,0,0,8,0
"Schmidt, Hans",1939,1939,0,0,1,0,0,0,0,0,1,0
"Schmidtgal, Heinrich",2013,2015,18,0,1,1,0,0,0,0,19,1
"Schmitt, Oliver",1996,1996,2,0,0,0,0,0,0,0,2,0
"Schmitz, Gerd",1966,1966,1,0,0,0,0,0,0,0,1,0
"Schmitz, Hubert",1976,1981,74,14,13,1,9,0,0,0,96,15
"Schmitz, Lukas",2014,2018,94,3,4,0,0,0,0,0,98,3
"Schön, Frank",2002,2004,63,6,10,0,0,0,0,0,73,6
"Schönbeck, Helmut",1959,1959,6,0,0,0,0,0,0,0,6,0
"Schonert, Frank-Michael",1975,1975,6,0,0,0,0,0,0,0,6,0
"Schreiber, Dirk",1995,1995,3,1,0,0,0,0,0,0,3,1
"Schreier, Christian",1991,1992,30,8,2,1,0,0,0,0,32,9
"Schröers, Hannes",1961,1961,2,0,0,0,0,0,0,0,2,0
"Schubart, Herbert",1937,1939,0,0,4,2,0,0,12,5,16,7
"Schuberth, Jörg",1990,1992,19,3,1,0,0,0,0,0,20,3
"Schult, Jürgen",1964,1967,62,27,2,0,0,0,2,2,66,29
"Schulz, Hans",1971,1974,74,12,8,1,3,0,0,0,85,13
Schüttenberg,1941,1941,0,0,2,0,0,0,0,0,2,0
"Schütz, Michael",1987,1993,205,22,14,2,0,0,0,0,219,24
"Schwan, Egon",1954,1955,6,0,0,0,0,0,0,0,6,0
"Schwarzbach, Helmar",1966,1968,12,0,1,0,0,0,0,0,13,0
"Schwertfeger, Kai",2008,2011,38,0,0,0,0,0,0,0,38,0
"Schwinkendorf, Jörn",1995,1996,18,0,4,0,0,0,0,0,22,0
"Seel, Wolfgang",1973,1982,274,59,41,10,28,5,0,0,343,74
"Seeliger, Thomas",1987,1997,105,16,6,2,0,0,0,0,111,18
"Sehl, Günter",1955,1961,13,4,0,0,0,0,0,0,13,4
"Senger, Klaus",1971,1973,26,0,4,0,0,0,0,0,30,0
"Servais, Mathias",1948,1948,1,0,0,0,0,0,0,0,1,0
"Sesterhenn, Marc",2001,2004,79,1,8,1,0,0,0,0,87,2
"Shala, Kujtim",1995,1996,15,0,3,0,0,0,0,0,18,0
"Shipnoski, Nicklas",2021,2021,11,0,1,1,0,0,0,0,12,1
"Shittu, Ganiyu",1998,2002,90,19,3,1,0,0,0,0,93,20
"Sichmann, Peter",1972,1972,0,0,3,0,0,0,0,0,3,0
"Sieben, Phil",2021,2022,2,0,1,0,0,0,0,0,3,0
"Siebert, Jamil",2020,aktiv,6,0,1,0,0,0,0,0,7,0
"Sieger, Stephan",2008,2010,48,1,3,1,0,0,0,0,51,2
"Simonet, Willi",1948,1949,17,6,0,0,0,0,0,0,17,6
"Skrzybski, Steven",2020,2020,11,1,1,0,0,0,0,0,12,1
"Soares, Bruno",2013,2015,43,1,1,0,0,0,0,0,44,1
"Sobottka, Marcel",2015,aktiv,190,14,16,2,0,0,0,0,206,16
"Spanring, Martin",1990,1992,49,3,2,0,0,0,0,0,51,3
"Spier, Adrian",2007,2007,3,0,2,0,0,0,0,0,5,0
"Spillmann, Jörg",1989,1991,2,0,0,0,0,0,0,0,2,0
"Spölgen, Hermann",1947,1948,28,0,0,0,0,0,0,0,28,0
"Stapel, Oliver",1993,1994,17,1,1,0,0,0,2,0,20,1
"Steegmann, Julius",2005,2006,12,0,1,1,0,0,0,0,13,1
"Stefes, Manfred",1992,1993,6,0,0,0,0,0,0,0,6,0
"Steffen, Bernhard",1957,1966,225,51,9,0,0,0,3,1,237,52
"Steffen, Zack",2019,2019,17,0,1,0,0,0,0,0,18,0
"Steigleder, Josef",1947,1948,22,1,0,0,0,0,0,0,22,1
"Steinhauf, Michael",1993,1994,9,0,0,0,0,0,0,0,9,0
"Stiller, Hans-Jörg",1979,1979,1,0,0,0,0,0,0,0,1,0
"Stockhausen, Horst",1963,1965,34,7,0,0,0,0,0,0,34,7
"Stöger, Kevin",2018,2020,42,1,5,2,0,0,0,0,47,3
"Strack, Gerd",1987,1988,17,2,2,0,0,0,0,0,19,2
"Straschitz, Hermann",1960,1964,104,42,5,1,0,0,0,0,109,43
"Straus, Reinhold",1963,1967,120,40,4,1,0,0,6,1,130,42
"Streich, Werner",1948,1949,14,0,0,0,0,0,0,0,14,0
"Strelec, Milan",2002,2002,5,0,0,0,0,0,0,0,5,0
"Strerath, Stefan",1992,1993,45,6,3,0,0,0,0,0,48,6
"Ströer, Heinz",1958,1959,5,2,0,0,0,0,0,0,5,2
"Strohdiek, Christian",2015,2016,17,0,1,0,0,0,0,0,18,0
"Suttner, Markus",2019,2020,27,1,2,0,0,0,0,0,29,1
"Szymanek, Detlev",1976,1978,35,11,6,2,0,0,0,0,41,13
"Tah, Jonathan",2014,2015,23,0,0,0,0,0,0,0,23,0
"Tanaka, Ao",2021,aktiv,54,2,5,0,0,0,0,0,59,2
"Tare, Igli",1997,1999,63,24,3,3,0,0,0,0,66,27
"Taskin, Eren",2013,2013,1,0,0,0,0,0,0,0,1,0
"Tauer, Jan",2002,2003,27,3,3,0,0,0,0,0,30,3
"Tekpetey, Bernard",2019,2020,9,0,1,0,0,0,0,0,10,0
"Tengstedt, René",1998,1999,4,0,1,0,0,0,0,0,5,0
"Terodde, Simon",2009,2009,8,1,1,0,0,0,0,0,9,1
"Tesche, Robert",2013,2013,14,0,0,0,0,0,0,0,14,0
"Theis, Amand",1980,1984,105,10,7,1,4,1,0,0,116,12
"Thiele, Günter",1980,1986,128,44,10,2,3,0,0,0,141,46
"Thomas, Dean",1985,1988,81,9,7,2,0,0,0,0,88,11
"Thommy, Erik",2019,2020,34,6,3,0,0,0,0,0,37,6
Tiago,2010,2011,8,0,0,0,0,0,0,0,8,0
"Tolkmitt, Mario",1997,1997,17,0,0,0,0,0,0,0,17,0
"Tonello, Raffael",1995,1997,26,5,1,0,0,0,0,0,27,5
"Torghelle, Sándor",2010,2011,16,1,1,0,0,0,0,0,17,1
"Trautwein, Kurt",1931,1933,0,0,0,0,0,0,5,0,5,0
"Trienekens, Stefan",1991,1998,13,0,0,0,0,0,0,0,13,0
"Turek, Toni",1950,1955,133,0,0,0,0,0,0,0,133,0
"Tusch, Franz",1939,1940,0,0,2,0,0,0,3,0,5,0
"Tytartchuk, Sergii",2002,2004,70,17,13,6,0,0,0,0,83,23
"Tzolis, Christos",2023,aktiv,2,2,1,1,0,0,0,0,3,3
"Uchino, Takashi",2022,aktiv,8,0,1,0,0,0,0,0,9,0
"Ulrich, Christoph",2001,2001,1,0,0,0,0,0,0,0,1,0
"Unger, Lars",1997,1998,39,1,3,0,0,0,0,0,42,1
"Unnerstall, Lars",2014,2015,10,0,2,0,0,0,0,0,12,0
"Urban, Robin",2015,2015,1,0,0,0,0,0,0,0,1,0
"Usami, Takashi",2017,2019,47,9,3,0,0,0,0,0,50,9
"van den Bergh, Johannes",2009,2013,124,0,8,0,0,0,2,0,134,0
"van den Bergh, Lukas[1]",2007,2007,0,0,1,0,0,0,0,0,1,0
"van Duinen, Mike",2015,2015,12,1,2,0,0,0,0,0,14,1
"Varveri, Daniele",2001,2003,30,0,3,0,0,0,0,0,33,0
"Vermeij, Vincent",2023,aktiv,4,1,1,1,0,0,0,0,5,2
"Vieira, Rodrigo",1997,1998,17,1,1,0,0,0,0,0,18,1
"Vigna, Werner",1955,1965,93,0,5,0,0,0,0,0,98,0
"Voigt, Ralf",1993,1995,44,11,0,0,0,0,6,0,50,11
"Volberg, Hans-Erwin",1961,1963,27,4,3,2,0,0,0,0,30,6
"von Diericke, Ralf",1983,1984,14,0,0,0,0,0,0,0,14,0
"Voronin, Andriy",2012,2013,10,0,1,0,0,0,0,0,11,0
"Vossen, Heinz",1999,2000,16,1,1,0,0,0,0,0,17,1
"Vucic, Goran",2000,2002,32,0,0,0,0,0,0,0,32,0
"Vukadinovic, Dejan",2001,2002,11,0,1,0,0,0,0,0,12,0
"Vukan?i?, Niko",2022,2022,1,0,0,0,0,0,0,0,1,0
"Walbaum, Johannes",2008,2008,8,0,1,0,0,0,0,0,9,0
"Walther, Thorsten",1997,1999,47,0,2,0,0,0,0,0,49,0
"Walz, Richard",1988,1991,69,12,6,2,0,0,0,0,75,14
"Weber, Christian",2009,2015,83,1,4,0,0,0,0,0,87,1
"Wegkamp, Gerrit",2012,2013,6,0,2,0,0,0,0,0,8,0
"Weidemann, Uwe",1999,2002,63,3,2,0,0,0,0,0,65,3
"Weikl, Björn",2001,2002,29,0,0,0,0,0,0,0,29,0
"Weikl, Josef",1977,1988,339,26,36,5,16,0,0,0,391,31
Weiser,1940,1940,0,0,1,0,0,0,0,0,1,0
Wellington,2010,2010,6,1,1,0,0,0,0,0,7,1
"Wenzel, Rüdiger",1979,1984,143,36,17,7,8,3,0,0,168,46
"Werner, Karl",1988,1997,232,7,17,1,0,0,6,0,255,8
"Weschke, Lothar",1968,1972,96,17,3,1,0,0,3,1,102,19
"Weyer, Willi",1951,1954,53,5,0,0,0,0,0,0,53,5
"Wiesner, Tim",2017,2017,1,0,0,0,0,0,0,0,1,0
"Wigold, Willi",1933,1939,0,0,8,1,0,0,30,11,38,12
"Wilz, Wilfried",1947,1948,15,4,0,0,0,0,0,0,15,4
"Wimmer, Jakob",1952,1958,124,4,1,0,0,0,0,0,125,4
"Winkhold, André",1993,1996,90,4,7,0,0,0,6,0,103,4
"Winter, Bernd",1992,1993,29,5,2,0,0,0,0,0,31,5
"Wirtz, Heinz",1979,1981,34,1,9,0,5,0,0,0,48,1
"Wittmann, Jürgen",1990,1991,10,0,0,0,0,0,0,0,10,0
"Wojtowicz, Rudolf",1986,1992,144,1,13,0,0,0,0,0,157,1
"Wolf, Denis",2005,2007,55,7,4,0,0,0,0,0,59,7
"Wolf, Raphael",2017,2022,40,0,3,0,0,0,0,0,43,0
"Wolff, Heinz",1951,1952,10,4,0,0,0,0,0,0,10,4
"Wolfframm, Franz-Josef",1957,1964,170,75,9,5,0,0,0,0,179,80
"Wolters, Hans",1959,1959,4,1,0,0,0,0,0,0,4,1
"Wöske, Dieter",1958,1961,62,23,2,0,0,0,0,0,64,23
"Woyke, Wilfried",1966,1978,232,0,26,0,11,0,5,0,274,0
"Wünsche, Gert",1965,1969,87,0,3,0,0,0,6,0,96,0
"Wuttke, Horst",1950,1953,69,7,0,0,0,0,0,0,69,7
"Ya Konan, Didier",2015,2016,20,4,2,0,0,0,0,0,22,4
"Yesilöz, Emin",2001,2002,6,0,1,0,0,0,0,0,7,0
"Yildirim, Özkan",2016,2017,15,1,0,0,0,0,0,0,15,1
"Yonga, Francis",1998,2000,11,0,0,0,0,0,0,0,11,0
"Younga-Mouhani, Macchambes",1996,1997,29,3,0,0,0,0,0,0,29,3
"Y?ki, K?z?",2009,2009,2,0,0,0,0,0,0,0,2,0
"Zaimovi?, Dženan",2000,2001,18,2,0,0,0,0,0,0,18,2
Zanka,2020,2020,9,0,2,1,0,0,0,0,11,1
"Zedi, Kristian",1997,1999,41,1,1,0,0,0,0,0,42,1
"Zedi, Rudolf",1999,2002,113,10,2,0,0,0,0,0,115,10
"Zellmann, Dennis",2000,2001,3,0,0,0,0,0,0,0,3,0
"Zewe, Gerd",1972,1987,440,42,59,3,29,2,0,0,528,47
"Zeyer, Michael",2003,2004,33,7,5,0,0,0,0,0,38,7
"Zimmer, Herbert",1977,1979,22,2,5,0,2,0,0,0,29,2
"Zimmer, Jean",2017,2020,72,2,8,0,0,0,0,0,80,2
"Zimmermann, Gerd",1974,1980,166,40,25,6,14,3,0,0,205,49
"Zimmermann, Horst",1958,1964,98,1,5,0,0,0,0,0,103,1
"Zimmermann, Matthias",2018,aktiv,159,10,10,1,0,0,0,0,169,11
"Zivic, Tomislav",2007,2007,0,0,1,0,0,0,0,0,1,0
"Živkovi?, Zvonko",1987,1988,20,4,1,0,0,0,0,0,21,4
"Zöllner, Josef",1947,1947,2,0,0,0,0,0,0,0,2,0
"Zoundi, Patrick",2009,2011,42,2,1,0,0,0,0,0,43,2
"Zwolanowski, Felix",1933,1949,14,0,21,5,0,0,36,10,71,15
